espanol,hanzi,pinyin,nivel,parte,etiquetas
¡Hola!,你好！,nǐ hǎo!,HSK1,1,Saludos
Gracias.,谢谢你。,xièxie nǐ.,HSK1,1,Saludos
Me llamo Ana.,我叫安娜。,wǒ jiào Ānnà.,HSK1,1,Presentaciones
¿De qué país eres?,你是哪国人？,nǐ shì nǎ guó rén?,HSK1,1,Presentaciones
Soy español.,我是西班牙人。,wǒ shì Xībānyá rén.,HSK1,1,Presentaciones
No sé hablar chino.,我不会说中文。,wǒ bú huì shuō Zhōngwén.,HSK1,2,Conversación
"Repite, por favor.",请再说一遍。,qǐng zài shuō yí biàn.,HSK1,2,Conversación
¿Cuánto cuesta esto?,这个多少钱？,zhège duōshao qián?,HSK1,2,Compras
Quiero beber agua.,我想喝水。,wǒ xiǎng hē shuǐ.,HSK1,2,Restaurante
¿Dónde está el baño?,洗手间在哪里？,xǐshǒujiān zài nǎlǐ?,HSK1,3,Viajes
No lo sé.,我不知道。,wǒ bù zhīdào.,HSK1,3,Conversación
¡Hasta mañana!,明天见！,míngtiān jiàn!,HSK1,3,Saludos
